id,peer,date,time,state
1,rebbecca,2022-12-10,10:00:00 AM,1
2,chastity,2022-12-10,10:01:00 AM,1
3,chastity,2022-12-10,02:32:00 PM,2
4,chastity,2022-12-10,02:50:00 PM,1
5,rebbecca,2022-12-10,11:11:00 PM,2
6,chastity,2022-12-10,11:11:00 PM,2
7,karleneg,2022-12-11,10:15:00 PM,1
8,karleneg,2022-12-11,11:59:00 PM,2
9,chastity,2022-12-12,10:15:00 PM,1
10,rebbecca,2022-12-12,11:59:00 PM,1
11,karleneg,2022-12-12,11:59:00 PM,1
12,chastity,2023-02-18,10:00:00,1
13,rebbecca,2023-06-08,10:00:00,1
14,karleneg,2023-08-19,10:00:00,1
15,zenaluth,2023-01-20,10:00:00,1
16,padmemur,2023-06-25,10:00:00,1
17,imallie,2023-06-17,10:00:00,1
18,hashtagr,2023-01-05,14:00:00,1
19,kcarawai,2023-03-14,10:00:00,1
20,carnaget,2023-04-12,10:00:00,1
21,cardigan,2023-05-31,10:00:00,1
22,rebbecca,2022-12-12,11:30:00,2
23,karleneg,2022-12-12,12:30:00,2
24,chastity,2023-02-18,10:30:00,1
25,rebbecca,2023-06-08,18:00:00,2
26,karleneg,2023-08-19,18:00:00,2
27,zenaluth,2023-01-20,18:00:00,2
28,padmemur,2023-06-25,18:30:00,2
29,imallie,2023-06-17,18:00:00,1
30,hashtagr,2023-01-05,18:00:00,1
31,kcarawai,2023-03-14,18:30:00,1
32,carnaget,2023-04-12,18:30:00,2
33,cardigan,2023-05-31,18:30:00,2
